<?xml version="1.0"?>
<doc>
    <assembly>
        <name>Microsoft.ApplicationBlocks.Data</name>
    </assembly>
    <members>
        <member name="T:Microsoft.ApplicationBlocks.Data.SqlHelper">
            <summary>
            The SqlHelper class is intended to encapsulate high performance, scalable best practices for 
            common uses of SqlClient.
            </summary>
        </member>
        <member name="M:Microsoft.ApplicationBlocks.Data.SqlHelper.AttachParameters(System.Data.SqlClient.SqlCommand,System.Data.SqlClient.SqlParameter[])">
            <summary>
            This method is used to attach array of SqlParameters to a SqlCommand.
            
            This method will assign a value of DbNull to any parameter with a direction of
            InputOutput and a value of null.  
            
            This behavior will prevent default values from being used, but
            this will be the less common case than an intended pure output parameter (derived as InputOutput)
            where the user provided no input value.
            </summary>
            <param name="command">The command to which the parameters will be added</param>
            <param name="commandParameters">an array of SqlParameters tho be added to command</param>
        </member>
        <member name="M:Microsoft.ApplicationBlocks.Data.SqlHelper.AssignParameterValues(System.Data.SqlClient.SqlParameter[],System.Object[])">
            <summary>
            This method assigns an array of values to an array of SqlParameters.
            </summary>
            <param name="commandParameters">array of SqlParameters to be assigned values</param>
            <param name="parameterValues">array of objects holding the values to be assigned</param>
        </member>
        <member name="M:Microsoft.ApplicationBlocks.Data.SqlHelper.PrepareCommand(System.Data.SqlClient.SqlCommand,System.Data.SqlClient.SqlConnection,System.Data.SqlClient.SqlTransaction,System.Data.CommandType,System.String,System.Data.SqlClient.SqlParameter[])">
            <summary>
            This method opens (if necessary) and assigns a connection, transaction, command type and parameters 
            to the provided command.
            </summary>
            <param name="command">the SqlCommand to be prepared</param>
            <param name="connection">a valid SqlConnection, on which to execute this command</param>
            <param name="transaction">a valid SqlTransaction, or 'null'</param>
            <param name="commandType">the CommandType (stored procedure, text, etc.)</param>
            <param name="commandText">the stored procedure name or T-SQL command</param>
            <param name="commandParameters">an array of SqlParameters to be associated with the command or 'null' if no parameters are required</param>
        </member>
        <member name="M:Microsoft.ApplicationBlocks.Data.SqlHelper.ExecuteNonQuery(System.String,System.Data.CommandType,System.String)">
            <summary>
            Execute a SqlCommand (that returns no resultset and takes no parameters) against the database specified in 
            the connection string. 
            </summary>
            <remarks>
            e.g.:  
             int result = ExecuteNonQuery(connString, CommandType.StoredProcedure, "PublishOrders");
            </remarks>
            <param name="connectionString">a valid connection string for a SqlConnection</param>
            <param name="commandType">the CommandType (stored procedure, text, etc.)</param>
            <param name="commandText">the stored procedure name or T-SQL command</param>
            <returns>an int representing the number of rows affected by the command</returns>
        </member>
        <member name="M:Microsoft.ApplicationBlocks.Data.SqlHelper.ExecuteNonQuery(System.String,System.Data.CommandType,System.String,System.Data.SqlClient.SqlParameter[])">
            <summary>
            Execute a SqlCommand (that returns no resultset) against the database specified in the connection string 
            using the provided parameters.
            </summary>
            <remarks>
            e.g.:  
             int result = ExecuteNonQuery(connString, CommandType.StoredProcedure, "PublishOrders", new SqlParameter("@prodid", 24));
            </remarks>
            <param name="connectionString">a valid connection string for a SqlConnection</param>
            <param name="commandType">the CommandType (stored procedure, text, etc.)</param>
            <param name="commandText">the stored procedure name or T-SQL command</param>
            <param name="commandParameters">an array of SqlParamters used to execute the command</param>
            <returns>an int representing the number of rows affected by the command</returns>
        </member>
        <member name="M:Microsoft.ApplicationBlocks.Data.SqlHelper.ExecuteNonQuery(System.String,System.String,System.Object[])">
            <summary>
            Execute a stored procedure via a SqlCommand (that returns no resultset) against the database specified in 
            the connection string using the provided parameter values.  This method will query the database to discover the parameters for the 
            stored procedure (the first time each stored procedure is called), and assign the values based on parameter order.
            </summary>
            <remarks>
            This method provides no access to output parameters or the stored procedure's return value parameter.
            
            e.g.:  
             int result = ExecuteNonQuery(connString, "PublishOrders", 24, 36);
            </remarks>
            <param name="connectionString">a valid connection string for a SqlConnection</param>
            <param name="spName">the name of the stored prcedure</param>
            <param name="parameterValues">an array of objects to be assigned as the input values of the stored procedure</param>
            <returns>an int representing the number of rows affected by the command</returns>
        </member>
        <member name="M:Microsoft.ApplicationBlocks.Data.SqlHelper.ExecuteNonQuery(System.Data.SqlClient.SqlConnection,System.Data.CommandType,System.String)">
            <summary>
            Execute a SqlCommand (that returns no resultset and takes no parameters) against the provided SqlConnection. 
            </summary>
            <remarks>
            e.g.:  
             int result = ExecuteNonQuery(conn, CommandType.StoredProcedure, "PublishOrders");
            </remarks>
            <param name="connection">a valid SqlConnection</param>
            <param name="commandType">the CommandType (stored procedure, text, etc.)</param>
            <param name="commandText">the stored procedure name or T-SQL command</param>
            <returns>an int representing the number of rows affected by the command</returns>
        </member>
        <member name="M:Microsoft.ApplicationBlocks.Data.SqlHelper.ExecuteNonQuery(System.Data.SqlClient.SqlConnection,System.Data.CommandType,System.String,System.Data.SqlClient.SqlParameter[])">
            <summary>
            Execute a SqlCommand (that returns no resultset) against the specified SqlConnection 
            using the provided parameters.
            </summary>
            <remarks>
            e.g.:  
             int result = ExecuteNonQuery(conn, CommandType.StoredProcedure, "PublishOrders", new SqlParameter("@prodid", 24));
            </remarks>
            <param name="connection">a valid SqlConnection</param>
            <param name="commandType">the CommandType (stored procedure, text, etc.)</param>
            <param name="commandText">the stored procedure name or T-SQL command</param>
            <param name="commandParameters">an array of SqlParamters used to execute the command</param>
            <returns>an int representing the number of rows affected by the command</returns>
        </member>
        <member name="M:Microsoft.ApplicationBlocks.Data.SqlHelper.ExecuteNonQuery(System.Data.SqlClient.SqlConnection,System.String,System.Object[])">
            <summary>
            Execute a stored procedure via a SqlCommand (that returns no resultset) against the specified SqlConnection 
            using the provided parameter values.  This method will query the database to discover the parameters for the 
            stored procedure (the first time each stored procedure is called), and assign the values based on parameter order.
            </summary>
            <remarks>
            This method provides no access to output parameters or the stored procedure's return value parameter.
            
            e.g.:  
             int result = ExecuteNonQuery(conn, "PublishOrders", 24, 36);
            </remarks>
            <param name="connection">a valid SqlConnection</param>
            <param name="spName">the name of the stored procedure</param>
            <param name="parameterValues">an array of objects to be assigned as the input values of the stored procedure</param>
            <returns>an int representing the number of rows affected by the command</returns>
        </member>
        <member name="M:Microsoft.ApplicationBlocks.Data.SqlHelper.ExecuteNonQuery(System.Data.SqlClient.SqlTransaction,System.Data.CommandType,System.String)">
            <summary>
            Execute a SqlCommand (that returns no resultset and takes no parameters) against the provided SqlTransaction. 
            </summary>
            <remarks>
            e.g.:  
             int result = ExecuteNonQuery(trans, CommandType.StoredProcedure, "PublishOrders");
            </remarks>
            <param name="transaction">a valid SqlTransaction</param>
            <param name="commandType">the CommandType (stored procedure, text, etc.)</param>
            <param name="commandText">the stored procedure name or T-SQL command</param>
            <returns>an int representing the number of rows affected by the command</returns>
        </member>
        <member name="M:Microsoft.ApplicationBlocks.Data.SqlHelper.ExecuteNonQuery(System.Data.SqlClient.SqlTransaction,System.Data.CommandType,System.String,System.Data.SqlClient.SqlParameter[])">
            <summary>
            Execute a SqlCommand (that returns no resultset) against the specified SqlTransaction
            using the provided parameters.
            </summary>
            <remarks>
            e.g.:  
             int result = ExecuteNonQuery(trans, CommandType.StoredProcedure, "GetOrders", new SqlParameter("@prodid", 24));
            </remarks>
            <param name="transaction">a valid SqlTransaction</param>
            <param name="commandType">the CommandType (stored procedure, text, etc.)</param>
            <param name="commandText">the stored procedure name or T-SQL command</param>
            <param name="commandParameters">an array of SqlParamters used to execute the command</param>
            <returns>an int representing the number of rows affected by the command</returns>
        </member>
        <member name="M:Microsoft.ApplicationBlocks.Data.SqlHelper.ExecuteNonQuery(System.Data.SqlClient.SqlTransaction,System.String,System.Object[])">
            <summary>
            Execute a stored procedure via a SqlCommand (that returns no resultset) against the specified 
            SqlTransaction using the provided parameter values.  This method will query the database to discover the parameters for the 
            stored procedure (the first time each stored procedure is called), and assign the values based on parameter order.
            </summary>
            <remarks>
            This method provides no access to output parameters or the stored procedure's return value parameter.
            
            e.g.:  
             int result = ExecuteNonQuery(conn, trans, "PublishOrders", 24, 36);
            </remarks>
            <param name="transaction">a valid SqlTransaction</param>
            <param name="spName">the name of the stored procedure</param>
            <param name="parameterValues">an array of objects to be assigned as the input values of the stored procedure</param>
            <returns>an int representing the number of rows affected by the command</returns>
        </member>
        <member name="M:Microsoft.ApplicationBlocks.Data.SqlHelper.ExecuteDataset(System.String,System.Data.CommandType,System.String)">
            <summary>
            Execute a SqlCommand (that returns a resultset and takes no parameters) against the database specified in 
            the connection string. 
            </summary>
            <remarks>
            e.g.:  
             DataSet ds = ExecuteDataset(connString, CommandType.StoredProcedure, "GetOrders");
            </remarks>
            <param name="connectionString">a valid connection string for a SqlConnection</param>
            <param name="commandType">the CommandType (stored procedure, text, etc.)</param>
            <param name="commandText">the stored procedure name or T-SQL command</param>
            <returns>a dataset containing the resultset generated by the command</returns>
        </member>
        <member name="M:Microsoft.ApplicationBlocks.Data.SqlHelper.ExecuteDataset(System.String,System.Data.CommandType,System.String,System.Data.SqlClient.SqlParameter[])">
            <summary>
            Execute a SqlCommand (that returns a resultset) against the database specified in the connection string 
            using the provided parameters.
            </summary>
            <remarks>
            e.g.:  
             DataSet ds = ExecuteDataset(connString, CommandType.StoredProcedure, "GetOrders", new SqlParameter("@prodid", 24));
            </remarks>
            <param name="connectionString">a valid connection string for a SqlConnection</param>
            <param name="commandType">the CommandType (stored procedure, text, etc.)</param>
            <param name="commandText">the stored procedure name or T-SQL command</param>
            <param name="commandParameters">an array of SqlParamters used to execute the command</param>
            <returns>a dataset containing the resultset generated by the command</returns>
        </member>
        <member name="M:Microsoft.ApplicationBlocks.Data.SqlHelper.ExecuteDataset(System.String,System.String,System.Object[])">
            <summary>
            Execute a stored procedure via a SqlCommand (that returns a resultset) against the database specified in 
            the connection string using the provided parameter values.  This method will query the database to discover the parameters for the 
            stored procedure (the first time each stored procedure is called), and assign the values based on parameter order.
            </summary>
            <remarks>
            This method provides no access to output parameters or the stored procedure's return value parameter.
            
            e.g.:  
             DataSet ds = ExecuteDataset(connString, "GetOrders", 24, 36);
            </remarks>
            <param name="connectionString">a valid connection string for a SqlConnection</param>
            <param name="spName">the name of the stored procedure</param>
            <param name="parameterValues">an array of objects to be assigned as the input values of the stored procedure</param>
            <returns>a dataset containing the resultset generated by the command</returns>
        </member>
        <member name="M:Microsoft.ApplicationBlocks.Data.SqlHelper.ExecuteDataset(System.Data.SqlClient.SqlConnection,System.Data.CommandType,System.String)">
            <summary>
            Execute a SqlCommand (that returns a resultset and takes no parameters) against the provided SqlConnection. 
            </summary>
            <remarks>
            e.g.:  
             DataSet ds = ExecuteDataset(conn, CommandType.StoredProcedure, "GetOrders");
            </remarks>
            <param name="connection">a valid SqlConnection</param>
            <param name="commandType">the CommandType (stored procedure, text, etc.)</param>
            <param name="commandText">the stored procedure name or T-SQL command</param>
            <returns>a dataset containing the resultset generated by the command</returns>
        </member>
        <member name="M:Microsoft.ApplicationBlocks.Data.SqlHelper.ExecuteDataset(System.Data.SqlClient.SqlConnection,System.Data.CommandType,System.String,System.Data.SqlClient.SqlParameter[])">
            <summary>
            Execute a SqlCommand (that returns a resultset) against the specified SqlConnection 
            using the provided parameters.
            </summary>
            <remarks>
            e.g.:  
             DataSet ds = ExecuteDataset(conn, CommandType.StoredProcedure, "GetOrders", new SqlParameter("@prodid", 24));
            </remarks>
            <param name="connection">a valid SqlConnection</param>
            <param name="commandType">the CommandType (stored procedure, text, etc.)</param>
            <param name="commandText">the stored procedure name or T-SQL command</param>
            <param name="commandParameters">an array of SqlParamters used to execute the command</param>
            <returns>a dataset containing the resultset generated by the command</returns>
        </member>
        <member name="M:Microsoft.ApplicationBlocks.Data.SqlHelper.ExecuteDataset(System.Data.SqlClient.SqlConnection,System.String,System.Object[])">
            <summary>
            Execute a stored procedure via a SqlCommand (that returns a resultset) against the specified SqlConnection 
            using the provided parameter values.  This method will query the database to discover the parameters for the 
            stored procedure (the first time each stored procedure is called), and assign the values based on parameter order.
            </summary>
            <remarks>
            This method provides no access to output parameters or the stored procedure's return value parameter.
            
            e.g.:  
             DataSet ds = ExecuteDataset(conn, "GetOrders", 24, 36);
            </remarks>
            <param name="connection">a valid SqlConnection</param>
            <param name="spName">the name of the stored procedure</param>
            <param name="parameterValues">an array of objects to be assigned as the input values of the stored procedure</param>
            <returns>a dataset containing the resultset generated by the command</returns>
        </member>
        <member name="M:Microsoft.ApplicationBlocks.Data.SqlHelper.ExecuteDataset(System.Data.SqlClient.SqlTransaction,System.Data.CommandType,System.String)">
            <summary>
            Execute a SqlCommand (that returns a resultset and takes no parameters) against the provided SqlTransaction. 
            </summary>
            <remarks>
            e.g.:  
             DataSet ds = ExecuteDataset(trans, CommandType.StoredProcedure, "GetOrders");
            </remarks>
            <param name="transaction">a valid SqlTransaction</param>
            <param name="commandType">the CommandType (stored procedure, text, etc.)</param>
            <param name="commandText">the stored procedure name or T-SQL command</param>
            <returns>a dataset containing the resultset generated by the command</returns>
        </member>
        <member name="M:Microsoft.ApplicationBlocks.Data.SqlHelper.ExecuteDataset(System.Data.SqlClient.SqlTransaction,System.Data.CommandType,System.String,System.Data.SqlClient.SqlParameter[])">
            <summary>
            Execute a SqlCommand (that returns a resultset) against the specified SqlTransaction
            using the provided parameters.
            </summary>
            <remarks>
            e.g.:  
             DataSet ds = ExecuteDataset(trans, CommandType.StoredProcedure, "GetOrders", new SqlParameter("@prodid", 24));
            </remarks>
            <param name="transaction">a valid SqlTransaction</param>
            <param name="commandType">the CommandType (stored procedure, text, etc.)</param>
            <param name="commandText">the stored procedure name or T-SQL command</param>
            <param name="commandParameters">an array of SqlParamters used to execute the command</param>
            <returns>a dataset containing the resultset generated by the command</returns>
        </member>
        <member name="M:Microsoft.ApplicationBlocks.Data.SqlHelper.ExecuteDataset(System.Data.SqlClient.SqlTransaction,System.String,System.Object[])">
            <summary>
            Execute a stored procedure via a SqlCommand (that returns a resultset) against the specified 
            SqlTransaction using the provided parameter values.  This method will query the database to discover the parameters for the 
            stored procedure (the first time each stored procedure is called), and assign the values based on parameter order.
            </summary>
            <remarks>
            This method provides no access to output parameters or the stored procedure's return value parameter.
            
            e.g.:  
             DataSet ds = ExecuteDataset(trans, "GetOrders", 24, 36);
            </remarks>
            <param name="transaction">a valid SqlTransaction</param>
            <param name="spName">the name of the stored procedure</param>
            <param name="parameterValues">an array of objects to be assigned as the input values of the stored procedure</param>
            <returns>a dataset containing the resultset generated by the command</returns>
        </member>
        <member name="M:Microsoft.ApplicationBlocks.Data.SqlHelper.ExecuteReader(System.Data.SqlClient.SqlConnection,System.Data.SqlClient.SqlTransaction,System.Data.CommandType,System.String,System.Data.SqlClient.SqlParameter[],Microsoft.ApplicationBlocks.Data.SqlHelper.SqlConnectionOwnership)">
            <summary>
            Create and prepare a SqlCommand, and call ExecuteReader with the appropriate CommandBehavior.
            </summary>
            <remarks>
            If we created and opened the connection, we want the connection to be closed when the DataReader is closed.
            
            If the caller provided the connection, we want to leave it to them to manage.
            </remarks>
            <param name="connection">a valid SqlConnection, on which to execute this command</param>
            <param name="transaction">a valid SqlTransaction, or 'null'</param>
            <param name="commandType">the CommandType (stored procedure, text, etc.)</param>
            <param name="commandText">the stored procedure name or T-SQL command</param>
            <param name="commandParameters">an array of SqlParameters to be associated with the command or 'null' if no parameters are required</param>
            <param name="connectionOwnership">indicates whether the connection parameter was provided by the caller, or created by SqlHelper</param>
            <returns>SqlDataReader containing the results of the command</returns>
        </member>
        <member name="M:Microsoft.ApplicationBlocks.Data.SqlHelper.ExecuteReader(System.String,System.Data.CommandType,System.String)">
            <summary>
            Execute a SqlCommand (that returns a resultset and takes no parameters) against the database specified in 
            the connection string. 
            </summary>
            <remarks>
            e.g.:  
             SqlDataReader dr = ExecuteReader(connString, CommandType.StoredProcedure, "GetOrders");
            </remarks>
            <param name="connectionString">a valid connection string for a SqlConnection</param>
            <param name="commandType">the CommandType (stored procedure, text, etc.)</param>
            <param name="commandText">the stored procedure name or T-SQL command</param>
            <returns>a SqlDataReader containing the resultset generated by the command</returns>
        </member>
        <member name="M:Microsoft.ApplicationBlocks.Data.SqlHelper.ExecuteReader(System.String,System.Data.CommandType,System.String,System.Data.SqlClient.SqlParameter[])">
            <summary>
            Execute a SqlCommand (that returns a resultset) against the database specified in the connection string 
            using the provided parameters.
            </summary>
            <remarks>
            e.g.:  
             SqlDataReader dr = ExecuteReader(connString, CommandType.StoredProcedure, "GetOrders", new SqlParameter("@prodid", 24));
            </remarks>
            <param name="connectionString">a valid connection string for a SqlConnection</param>
            <param name="commandType">the CommandType (stored procedure, text, etc.)</param>
            <param name="commandText">the stored procedure name or T-SQL command</param>
            <param name="commandParameters">an array of SqlParamters used to execute the command</param>
            <returns>a SqlDataReader containing the resultset generated by the command</returns>
        </member>
        <member name="M:Microsoft.ApplicationBlocks.Data.SqlHelper.ExecuteReader(System.String,System.String,System.Object[])">
            <summary>
            Execute a stored procedure via a SqlCommand (that returns a resultset) against the database specified in 
            the connection string using the provided parameter values.  This method will query the database to discover the parameters for the 
            stored procedure (the first time each stored procedure is called), and assign the values based on parameter order.
            </summary>
            <remarks>
            This method provides no access to output parameters or the stored procedure's return value parameter.
            
            e.g.:  
             SqlDataReader dr = ExecuteReader(connString, "GetOrders", 24, 36);
            </remarks>
            <param name="connectionString">a valid connection string for a SqlConnection</param>
            <param name="spName">the name of the stored procedure</param>
            <param name="parameterValues">an array of objects to be assigned as the input values of the stored procedure</param>
            <returns>a SqlDataReader containing the resultset generated by the command</returns>
        </member>
        <member name="M:Microsoft.ApplicationBlocks.Data.SqlHelper.ExecuteReader(System.Data.SqlClient.SqlConnection,System.Data.CommandType,System.String)">
            <summary>
            Execute a SqlCommand (that returns a resultset and takes no parameters) against the provided SqlConnection. 
            </summary>
            <remarks>
            e.g.:  
             SqlDataReader dr = ExecuteReader(conn, CommandType.StoredProcedure, "GetOrders");
            </remarks>
            <param name="connection">a valid SqlConnection</param>
            <param name="commandType">the CommandType (stored procedure, text, etc.)</param>
            <param name="commandText">the stored procedure name or T-SQL command</param>
            <returns>a SqlDataReader containing the resultset generated by the command</returns>
        </member>
        <member name="M:Microsoft.ApplicationBlocks.Data.SqlHelper.ExecuteReader(System.Data.SqlClient.SqlConnection,System.Data.CommandType,System.String,System.Data.SqlClient.SqlParameter[])">
            <summary>
            Execute a SqlCommand (that returns a resultset) against the specified SqlConnection 
            using the provided parameters.
            </summary>
            <remarks>
            e.g.:  
             SqlDataReader dr = ExecuteReader(conn, CommandType.StoredProcedure, "GetOrders", new SqlParameter("@prodid", 24));
            </remarks>
            <param name="connection">a valid SqlConnection</param>
            <param name="commandType">the CommandType (stored procedure, text, etc.)</param>
            <param name="commandText">the stored procedure name or T-SQL command</param>
            <param name="commandParameters">an array of SqlParamters used to execute the command</param>
            <returns>a SqlDataReader containing the resultset generated by the command</returns>
        </member>
        <member name="M:Microsoft.ApplicationBlocks.Data.SqlHelper.ExecuteReader(System.Data.SqlClient.SqlConnection,System.String,System.Object[])">
            <summary>
            Execute a stored procedure via a SqlCommand (that returns a resultset) against the specified SqlConnection 
            using the provided parameter values.  This method will query the database to discover the parameters for the 
            stored procedure (the first time each stored procedure is called), and assign the values based on parameter order.
            </summary>
            <remarks>
            This method provides no access to output parameters or the stored procedure's return value parameter.
            
            e.g.:  
             SqlDataReader dr = ExecuteReader(conn, "GetOrders", 24, 36);
            </remarks>
            <param name="connection">a valid SqlConnection</param>
            <param name="spName">the name of the stored procedure</param>
            <param name="parameterValues">an array of objects to be assigned as the input values of the stored procedure</param>
            <returns>a SqlDataReader containing the resultset generated by the command</returns>
        </member>
        <member name="M:Microsoft.ApplicationBlocks.Data.SqlHelper.ExecuteReader(System.Data.SqlClient.SqlTransaction,System.Data.CommandType,System.String)">
            <summary>
            Execute a SqlCommand (that returns a resultset and takes no parameters) against the provided SqlTransaction. 
            </summary>
            <remarks>
            e.g.:  
             SqlDataReader dr = ExecuteReader(trans, CommandType.StoredProcedure, "GetOrders");
            </remarks>
            <param name="transaction">a valid SqlTransaction</param>
            <param name="commandType">the CommandType (stored procedure, text, etc.)</param>
            <param name="commandText">the stored procedure name or T-SQL command</param>
            <returns>a SqlDataReader containing the resultset generated by the command</returns>
        </member>
        <member name="M:Microsoft.ApplicationBlocks.Data.SqlHelper.ExecuteReader(System.Data.SqlClient.SqlTransaction,System.Data.CommandType,System.String,System.Data.SqlClient.SqlParameter[])">
            <summary>
            Execute a SqlCommand (that returns a resultset) against the specified SqlTransaction
            using the provided parameters.
            </summary>
            <remarks>
            e.g.:  
              SqlDataReader dr = ExecuteReader(trans, CommandType.StoredProcedure, "GetOrders", new SqlParameter("@prodid", 24));
            </remarks>
            <param name="transaction">a valid SqlTransaction</param>
            <param name="commandType">the CommandType (stored procedure, text, etc.)</param>
            <param name="commandText">the stored procedure name or T-SQL command</param>
            <param name="commandParameters">an array of SqlParamters used to execute the command</param>
            <returns>a SqlDataReader containing the resultset generated by the command</returns>
        </member>
        <member name="M:Microsoft.ApplicationBlocks.Data.SqlHelper.ExecuteReader(System.Data.SqlClient.SqlTransaction,System.String,System.Object[])">
            <summary>
            Execute a stored procedure via a SqlCommand (that returns a resultset) against the specified
            SqlTransaction using the provided parameter values.  This method will query the database to discover the parameters for the 
            stored procedure (the first time each stored procedure is called), and assign the values based on parameter order.
            </summary>
            <remarks>
            This method provides no access to output parameters or the stored procedure's return value parameter.
            
            e.g.:  
             SqlDataReader dr = ExecuteReader(trans, "GetOrders", 24, 36);
            </remarks>
            <param name="transaction">a valid SqlTransaction</param>
            <param name="spName">the name of the stored procedure</param>
            <param name="parameterValues">an array of objects to be assigned as the input values of the stored procedure</param>
            <returns>a SqlDataReader containing the resultset generated by the command</returns>
        </member>
        <member name="M:Microsoft.ApplicationBlocks.Data.SqlHelper.ExecuteScalar(System.String,System.Data.CommandType,System.String)">
            <summary>
            Execute a SqlCommand (that returns a 1x1 resultset and takes no parameters) against the database specified in 
            the connection string. 
            </summary>
            <remarks>
            e.g.:  
             int orderCount = (int)ExecuteScalar(connString, CommandType.StoredProcedure, "GetOrderCount");
            </remarks>
            <param name="connectionString">a valid connection string for a SqlConnection</param>
            <param name="commandType">the CommandType (stored procedure, text, etc.)</param>
            <param name="commandText">the stored procedure name or T-SQL command</param>
            <returns>an object containing the value in the 1x1 resultset generated by the command</returns>
        </member>
        <member name="M:Microsoft.ApplicationBlocks.Data.SqlHelper.ExecuteScalar(System.String,System.Data.CommandType,System.String,System.Data.SqlClient.SqlParameter[])">
            <summary>
            Execute a SqlCommand (that returns a 1x1 resultset) against the database specified in the connection string 
            using the provided parameters.
            </summary>
            <remarks>
            e.g.:  
             int orderCount = (int)ExecuteScalar(connString, CommandType.StoredProcedure, "GetOrderCount", new SqlParameter("@prodid", 24));
            </remarks>
            <param name="connectionString">a valid connection string for a SqlConnection</param>
            <param name="commandType">the CommandType (stored procedure, text, etc.)</param>
            <param name="commandText">the stored procedure name or T-SQL command</param>
            <param name="commandParameters">an array of SqlParamters used to execute the command</param>
            <returns>an object containing the value in the 1x1 resultset generated by the command</returns>
        </member>
        <member name="M:Microsoft.ApplicationBlocks.Data.SqlHelper.ExecuteScalar(System.String,System.String,System.Object[])">
            <summary>
            Execute a stored procedure via a SqlCommand (that returns a 1x1 resultset) against the database specified in 
            the connection string using the provided parameter values.  This method will query the database to discover the parameters for the 
            stored procedure (the first time each stored procedure is called), and assign the values based on parameter order.
            </summary>
            <remarks>
            This method provides no access to output parameters or the stored procedure's return value parameter.
            
            e.g.:  
             int orderCount = (int)ExecuteScalar(connString, "GetOrderCount", 24, 36);
            </remarks>
            <param name="connectionString">a valid connection string for a SqlConnection</param>
            <param name="spName">the name of the stored procedure</param>
            <param name="parameterValues">an array of objects to be assigned as the input values of the stored procedure</param>
            <returns>an object containing the value in the 1x1 resultset generated by the command</returns>
        </member>
        <member name="M:Microsoft.ApplicationBlocks.Data.SqlHelper.ExecuteScalar(System.Data.SqlClient.SqlConnection,System.Data.CommandType,System.String)">
            <summary>
            Execute a SqlCommand (that returns a 1x1 resultset and takes no parameters) against the provided SqlConnection. 
            </summary>
            <remarks>
            e.g.:  
             int orderCount = (int)ExecuteScalar(conn, CommandType.StoredProcedure, "GetOrderCount");
            </remarks>
            <param name="connection">a valid SqlConnection</param>
            <param name="commandType">the CommandType (stored procedure, text, etc.)</param>
            <param name="commandText">the stored procedure name or T-SQL command</param>
            <returns>an object containing the value in the 1x1 resultset generated by the command</returns>
        </member>
        <member name="M:Microsoft.ApplicationBlocks.Data.SqlHelper.ExecuteScalar(System.Data.SqlClient.SqlConnection,System.Data.CommandType,System.String,System.Data.SqlClient.SqlParameter[])">
            <summary>
            Execute a SqlCommand (that returns a 1x1 resultset) against the specified SqlConnection 
            using the provided parameters.
            </summary>
            <remarks>
            e.g.:  
             int orderCount = (int)ExecuteScalar(conn, CommandType.StoredProcedure, "GetOrderCount", new SqlParameter("@prodid", 24));
            </remarks>
            <param name="connection">a valid SqlConnection</param>
            <param name="commandType">the CommandType (stored procedure, text, etc.)</param>
            <param name="commandText">the stored procedure name or T-SQL command</param>
            <param name="commandParameters">an array of SqlParamters used to execute the command</param>
            <returns>an object containing the value in the 1x1 resultset generated by the command</returns>
        </member>
        <member name="M:Microsoft.ApplicationBlocks.Data.SqlHelper.ExecuteScalar(System.Data.SqlClient.SqlConnection,System.String,System.Object[])">
            <summary>
            Execute a stored procedure via a SqlCommand (that returns a 1x1 resultset) against the specified SqlConnection 
            using the provided parameter values.  This method will query the database to discover the parameters for the 
            stored procedure (the first time each stored procedure is called), and assign the values based on parameter order.
            </summary>
            <remarks>
            This method provides no access to output parameters or the stored procedure's return value parameter.
            
            e.g.:  
             int orderCount = (int)ExecuteScalar(conn, "GetOrderCount", 24, 36);
            </remarks>
            <param name="connection">a valid SqlConnection</param>
            <param name="spName">the name of the stored procedure</param>
            <param name="parameterValues">an array of objects to be assigned as the input values of the stored procedure</param>
            <returns>an object containing the value in the 1x1 resultset generated by the command</returns>
        </member>
        <member name="M:Microsoft.ApplicationBlocks.Data.SqlHelper.ExecuteScalar(System.Data.SqlClient.SqlTransaction,System.Data.CommandType,System.String)">
            <summary>
            Execute a SqlCommand (that returns a 1x1 resultset and takes no parameters) against the provided SqlTransaction. 
            </summary>
            <remarks>
            e.g.:  
             int orderCount = (int)ExecuteScalar(trans, CommandType.StoredProcedure, "GetOrderCount");
            </remarks>
            <param name="transaction">a valid SqlTransaction</param>
            <param name="commandType">the CommandType (stored procedure, text, etc.)</param>
            <param name="commandText">the stored procedure name or T-SQL command</param>
            <returns>an object containing the value in the 1x1 resultset generated by the command</returns>
        </member>
        <member name="M:Microsoft.ApplicationBlocks.Data.SqlHelper.ExecuteScalar(System.Data.SqlClient.SqlTransaction,System.Data.CommandType,System.String,System.Data.SqlClient.SqlParameter[])">
            <summary>
            Execute a SqlCommand (that returns a 1x1 resultset) against the specified SqlTransaction
            using the provided parameters.
            </summary>
            <remarks>
            e.g.:  
             int orderCount = (int)ExecuteScalar(trans, CommandType.StoredProcedure, "GetOrderCount", new SqlParameter("@prodid", 24));
            </remarks>
            <param name="transaction">a valid SqlTransaction</param>
            <param name="commandType">the CommandType (stored procedure, text, etc.)</param>
            <param name="commandText">the stored procedure name or T-SQL command</param>
            <param name="commandParameters">an array of SqlParamters used to execute the command</param>
            <returns>an object containing the value in the 1x1 resultset generated by the command</returns>
        </member>
        <member name="M:Microsoft.ApplicationBlocks.Data.SqlHelper.ExecuteScalar(System.Data.SqlClient.SqlTransaction,System.String,System.Object[])">
            <summary>
            Execute a stored procedure via a SqlCommand (that returns a 1x1 resultset) against the specified
            SqlTransaction using the provided parameter values.  This method will query the database to discover the parameters for the 
            stored procedure (the first time each stored procedure is called), and assign the values based on parameter order.
            </summary>
            <remarks>
            This method provides no access to output parameters or the stored procedure's return value parameter.
            
            e.g.:  
             int orderCount = (int)ExecuteScalar(trans, "GetOrderCount", 24, 36);
            </remarks>
            <param name="transaction">a valid SqlTransaction</param>
            <param name="spName">the name of the stored procedure</param>
            <param name="parameterValues">an array of objects to be assigned as the input values of the stored procedure</param>
            <returns>an object containing the value in the 1x1 resultset generated by the command</returns>
        </member>
        <member name="M:Microsoft.ApplicationBlocks.Data.SqlHelper.ExecuteXmlReader(System.Data.SqlClient.SqlConnection,System.Data.CommandType,System.String)">
            <summary>
            Execute a SqlCommand (that returns a resultset and takes no parameters) against the provided SqlConnection. 
            </summary>
            <remarks>
            e.g.:  
             XmlReader r = ExecuteXmlReader(conn, CommandType.StoredProcedure, "GetOrders");
            </remarks>
            <param name="connection">a valid SqlConnection</param>
            <param name="commandType">the CommandType (stored procedure, text, etc.)</param>
            <param name="commandText">the stored procedure name or T-SQL command using "FOR XML AUTO"</param>
            <returns>an XmlReader containing the resultset generated by the command</returns>
        </member>
        <member name="M:Microsoft.ApplicationBlocks.Data.SqlHelper.ExecuteXmlReader(System.Data.SqlClient.SqlConnection,System.Data.CommandType,System.String,System.Data.SqlClient.SqlParameter[])">
            <summary>
            Execute a SqlCommand (that returns a resultset) against the specified SqlConnection 
            using the provided parameters.
            </summary>
            <remarks>
            e.g.:  
             XmlReader r = ExecuteXmlReader(conn, CommandType.StoredProcedure, "GetOrders", new SqlParameter("@prodid", 24));
            </remarks>
            <param name="connection">a valid SqlConnection</param>
            <param name="commandType">the CommandType (stored procedure, text, etc.)</param>
            <param name="commandText">the stored procedure name or T-SQL command using "FOR XML AUTO"</param>
            <param name="commandParameters">an array of SqlParamters used to execute the command</param>
            <returns>an XmlReader containing the resultset generated by the command</returns>
        </member>
        <member name="M:Microsoft.ApplicationBlocks.Data.SqlHelper.ExecuteXmlReader(System.Data.SqlClient.SqlConnection,System.String,System.Object[])">
            <summary>
            Execute a stored procedure via a SqlCommand (that returns a resultset) against the specified SqlConnection 
            using the provided parameter values.  This method will query the database to discover the parameters for the 
            stored procedure (the first time each stored procedure is called), and assign the values based on parameter order.
            </summary>
            <remarks>
            This method provides no access to output parameters or the stored procedure's return value parameter.
            
            e.g.:  
             XmlReader r = ExecuteXmlReader(conn, "GetOrders", 24, 36);
            </remarks>
            <param name="connection">a valid SqlConnection</param>
            <param name="spName">the name of the stored procedure using "FOR XML AUTO"</param>
            <param name="parameterValues">an array of objects to be assigned as the input values of the stored procedure</param>
            <returns>an XmlReader containing the resultset generated by the command</returns>
        </member>
        <member name="M:Microsoft.ApplicationBlocks.Data.SqlHelper.ExecuteXmlReader(System.Data.SqlClient.SqlTransaction,System.Data.CommandType,System.String)">
            <summary>
            Execute a SqlCommand (that returns a resultset and takes no parameters) against the provided SqlTransaction. 
            </summary>
            <remarks>
            e.g.:  
             XmlReader r = ExecuteXmlReader(trans, CommandType.StoredProcedure, "GetOrders");
            </remarks>
            <param name="transaction">a valid SqlTransaction</param>
            <param name="commandType">the CommandType (stored procedure, text, etc.)</param>
            <param name="commandText">the stored procedure name or T-SQL command using "FOR XML AUTO"</param>
            <returns>an XmlReader containing the resultset generated by the command</returns>
        </member>
        <member name="M:Microsoft.ApplicationBlocks.Data.SqlHelper.ExecuteXmlReader(System.Data.SqlClient.SqlTransaction,System.Data.CommandType,System.String,System.Data.SqlClient.SqlParameter[])">
            <summary>
            Execute a SqlCommand (that returns a resultset) against the specified SqlTransaction
            using the provided parameters.
            </summary>
            <remarks>
            e.g.:  
             XmlReader r = ExecuteXmlReader(trans, CommandType.StoredProcedure, "GetOrders", new SqlParameter("@prodid", 24));
            </remarks>
            <param name="transaction">a valid SqlTransaction</param>
            <param name="commandType">the CommandType (stored procedure, text, etc.)</param>
            <param name="commandText">the stored procedure name or T-SQL command using "FOR XML AUTO"</param>
            <param name="commandParameters">an array of SqlParamters used to execute the command</param>
            <returns>an XmlReader containing the resultset generated by the command</returns>
        </member>
        <member name="M:Microsoft.ApplicationBlocks.Data.SqlHelper.ExecuteXmlReader(System.Data.SqlClient.SqlTransaction,System.String,System.Object[])">
            <summary>
            Execute a stored procedure via a SqlCommand (that returns a resultset) against the specified 
            SqlTransaction using the provided parameter values.  This method will query the database to discover the parameters for the 
            stored procedure (the first time each stored procedure is called), and assign the values based on parameter order.
            </summary>
            <remarks>
            This method provides no access to output parameters or the stored procedure's return value parameter.
            
            e.g.:  
             XmlReader r = ExecuteXmlReader(trans, "GetOrders", 24, 36);
            </remarks>
            <param name="transaction">a valid SqlTransaction</param>
            <param name="spName">the name of the stored procedure</param>
            <param name="parameterValues">an array of objects to be assigned as the input values of the stored procedure</param>
            <returns>a dataset containing the resultset generated by the command</returns>
        </member>
        <member name="T:Microsoft.ApplicationBlocks.Data.SqlHelper.SqlConnectionOwnership">
            <summary>
            this enum is used to indicate whether the connection was provided by the caller, or created by SqlHelper, so that
            we can set the appropriate CommandBehavior when calling ExecuteReader()
            </summary>
        </member>
        <member name="F:Microsoft.ApplicationBlocks.Data.SqlHelper.SqlConnectionOwnership.Internal">
            <summary>Connection is owned and managed by SqlHelper</summary>
        </member>
        <member name="F:Microsoft.ApplicationBlocks.Data.SqlHelper.SqlConnectionOwnership.External">
            <summary>Connection is owned and managed by the caller</summary>
        </member>
        <member name="T:Microsoft.ApplicationBlocks.Data.SqlHelperParameterCache">
            <summary>
            SqlHelperParameterCache provides functions to leverage a static cache of procedure parameters, and the
            ability to discover parameters for stored procedures at run-time.
            </summary>
        </member>
        <member name="M:Microsoft.ApplicationBlocks.Data.SqlHelperParameterCache.DiscoverSpParameterSet(System.String,System.String,System.Boolean)">
            <summary>
            resolve at run time the appropriate set of SqlParameters for a stored procedure
            </summary>
            <param name="connectionString">a valid connection string for a SqlConnection</param>
            <param name="spName">the name of the stored procedure</param>
            <param name="includeReturnValueParameter">whether or not to include their return value parameter</param>
            <returns></returns>
        </member>
        <member name="M:Microsoft.ApplicationBlocks.Data.SqlHelperParameterCache.CacheParameterSet(System.String,System.String,System.Data.SqlClient.SqlParameter[])">
            <summary>
            add parameter array to the cache
            </summary>
            <param name="connectionString">a valid connection string for a SqlConnection</param>
            <param name="commandText">the stored procedure name or T-SQL command</param>
            <param name="commandParameters">an array of SqlParamters to be cached</param>
        </member>
        <member name="M:Microsoft.ApplicationBlocks.Data.SqlHelperParameterCache.GetCachedParameterSet(System.String,System.String)">
            <summary>
            retrieve a parameter array from the cache
            </summary>
            <param name="connectionString">a valid connection string for a SqlConnection</param>
            <param name="commandText">the stored procedure name or T-SQL command</param>
            <returns>an array of SqlParamters</returns>
        </member>
        <member name="M:Microsoft.ApplicationBlocks.Data.SqlHelperParameterCache.GetSpParameterSet(System.String,System.String)">
            <summary>
            Retrieves the set of SqlParameters appropriate for the stored procedure
            </summary>
            <remarks>
            This method will query the database for this information, and then store it in a cache for future requests.
            </remarks>
            <param name="connectionString">a valid connection string for a SqlConnection</param>
            <param name="spName">the name of the stored procedure</param>
            <returns>an array of SqlParameters</returns>
        </member>
        <member name="M:Microsoft.ApplicationBlocks.Data.SqlHelperParameterCache.GetSpParameterSet(System.String,System.String,System.Boolean)">
            <summary>
            Retrieves the set of SqlParameters appropriate for the stored procedure
            </summary>
            <remarks>
            This method will query the database for this information, and then store it in a cache for future requests.
            </remarks>
            <param name="connectionString">a valid connection string for a SqlConnection</param>
            <param name="spName">the name of the stored procedure</param>
            <param name="includeReturnValueParameter">a bool value indicating whether the return value parameter should be included in the results</param>
            <returns>an array of SqlParameters</returns>
        </member>
    </members>
</doc>
